Platform,Avg_Manual_Time_sec,Avg_Automated_Time_sec,Time_Saved_per_Card_min,Efficiency_Gain_percent,Cards_in_Group
Custom API,14.968596757852078,4.100106382978724,0.18114150624788922,72.60861222126294,1974.0
Kofax,15.087864406779662,4.094803874092009,0.18321767554479423,72.86028185505148,2065.0
Microsoft Syntex,15.029954175152751,4.114643584521385,0.18192184317718943,72.62371171215119,1964.0
Power Automate,15.201087398373984,4.138241869918699,0.18438075880758806,72.7766720796477,1968.0
UiPath,15.040743842364531,4.14360591133005,0.18161896551724138,72.45079129890534,2030.0
